"Metric","Value"
"Accuracy",0.747497219132369
"Sensitivity",0.338842975206612
"Specificity",0.898021308980213
"PPV",0.550335570469799
"NPV",0.786666666666667
"F1",0.419437340153453
"AUC",0.711272123476358
