"Pathway","ACME","ACME_CI_lower","ACME_CI_upper","ACME_p","ADE","ADE_CI_lower","ADE_CI_upper","ADE_p","Total_Effect","Prop_Mediated","Mediation_Status","Significance"
"Partner Alcohol -> Marital Conflict -> GBV",0.000848916470071166,-0.00205462769232806,0.00428918440085811,0.592,0.371345383946019,0.334535996751244,0.406883946987365,0,0.372910233471671,0.00227646332514942,"Not Significant","NS"
"Childhood Trauma -> Mental Health -> GBV",-0.00247194186615268,-0.0174785738878436,0.0128735691976389,0.772,0.11072232067549,0.0657319285154814,0.153200814565717,0,0.107649237618122,-0.0229629296114638,"Not Significant","NS"
"Community Patriarchy -> Decision Power -> GBV",-8.35725887688852e-05,-0.000334465013330539,0.000115112851747393,0.454,0.0109241439451675,0.00670157893209476,0.0145432990313647,0,0.0108374072684686,-0.00771149285973957,"Not Significant","NS"
