"Model","AIC","BIC","Deviance","df","Delta_AIC","Best_AIC"
"Model 1: Individual Only",3038.91772672361,3080.96229969716,3024.91772672361,2993,67.5366028466851,""
"Model 2: Individual + Relationship",2997.60882709552,3057.67250277202,2977.60882709552,2990,26.2277032185907,""
"Model 3: Full Ecological",2971.38112387693,3049.46390225638,2945.38112387693,2987,0,"✓"
