"Pathway","ACME","ACME_CI_lower","ACME_CI_upper","ACME_p","ADE","ADE_CI_lower","ADE_CI_upper","ADE_p","Total_Effect","Prop_Mediated","Mediation_Status","Significance"
"Partner Alcohol → Marital Conflict → GBV",0.000685654315873704,-0.00223812347771374,0.00401744672830686,0.65,0.370535838914459,0.334599378111336,0.404744545448532,0,0.371800719693527,0.00184414467093793,"Not Significant","NS"
"Childhood Trauma → Mental Health → GBV",-0.00264021635055443,-0.0177162067375162,0.0126613783712232,0.754,0.111353724623905,0.0657319285154814,0.154655740982618,0,0.108066154489211,-0.0244314823918159,"Not Significant","NS"
"Community Patriarchy → Decision Power → GBV",-8.30834125962134e-05,-0.000331203289989709,0.000114322322826868,0.454,0.0108768722461393,0.00667755797733805,0.0144687983386678,0,0.010790655240057,-0.00769957066998042,"Not Significant","NS"
